Workbook

Sheet Linhas de custo
A1: Item | B1: Categoria | C1: Mín (R$) | D1: Máx (R$) | E1: Confiança | F1: Fonte | G1: Piloto | H1: Enxuto (88) | I1: Completo (FIDC)
A2: Parecer jurídico de enquadramento (is_security) | B2: Setup | C2: 30000 | D2: 150000 | E2: baixa | F2: Escritório mercado de capitais (cotar) | G2: 0 | H2: 1 | I2: 1
A3: Estruturação regulatória da oferta/veículo | B3: Setup | C3: 150000 | D3: 500000 | E3: baixa | F3: Advogado CVM (cotar) | G3: 0 | H3: 1 | I3: 1
A4: Estruturação inicial de FIDC | B4: Setup | C4: 100000 | D4: 300000 | E4: média | F4: bankme.tech | G4: 0 | H4: 0 | I4: 1
A5: Auditoria de smart contract ERC-3643 | B5: Setup | C5: 55000 | D5: 275000 | E5: média | F5: Ulam / Tokeny | G5: 0 | H5: 1 | I5: 1
A6: Programa LGPD (setup) | B6: Setup | C6: 20000 | D6: 80000 | E6: baixa | F6: inferência de mercado | G6: 0 | H6: 1 | I6: 1
A7: Programa PLD-FT/COAF (setup) | B7: Setup | C7: 30000 | D7: 120000 | E7: baixa | F7: Compliance Brazil | G7: 0 | H7: 1 | I7: 1
A8: Nós Besu permissionados (1–4 validadores) | B8: Recorrente-mês | C8: 2000 | D8: 7000 | E8: média | F8: AWS / Besu docs | G8: 1 | H8: 1 | I8: 1
A9: Infra de produção (k8s + Postgres + backups) | B9: Recorrente-mês | C9: 3000 | D9: 8000 | E9: média | F9: AWS pricing | G9: 0 | H9: 1 | I9: 1
A10: DPO as a service | B10: Recorrente-mês | C10: 2500 | D10: 6500 | E10: média | F10: The Big Insights | G10: 0 | H10: 1 | I10: 1
A11: Compliance PLD-FT + KYC (mensalidade) | B11: Recorrente-mês | C11: 2000 | D11: 13000 | E11: baixa | F11: inferência / RFP | G11: 0 | H11: 1 | I11: 1
A12: Auditoria anual do FIDC | B12: Recorrente-ano | C12: 50000 | D12: 150000 | E12: baixa | F12: cotar | G12: 0 | H12: 0 | I12: 1
A13: Seguro E&O + Cyber + D&O | B13: Recorrente-ano | C13: 8000 | D13: 50000 | E13: média | F13: BrSeguro / Rio Rubio | G13: 0 | H13: 1 | I13: 1
... A20: Custódia — HSM dedicado (referência, ×2 HA) | B20: Referência | C20: 6500 | D20: 13000 | E20: alta | F20: AWS CloudHSM | G20: 0 | H20: 0 | I20: 0
A22: Faixas de mercado (jul/2026) — ESTIMATIVA a validar por cotação. Regulação em movimento (VASP fev/2026; CVM 88 em reforma). Custódia KMS/HSM são referências usadas pelo toggle da aba Cenários.
A24: Fluxo de cotação: quando a proposta de um RFP chegar, substitua Mín/Máx desta aba pelo valor cotado e marque Confiança='cotado', Fonte=<fornecedor>. Registre a proposta na aba 'Cotações recebidas'. Ver o pacote em docs/evolution/rfp/.

Sheet Cenários
A1: Blueprint de custos BESC — calculadora de cenário
A2: Edite as células AMARELAS. Todo o resto recalcula sozinho. Números são faixas — validar por cotação.
A3: Premissas
A4: Nº de processos (N) | B4: 14
A5: Funding alvo (R$) | B5: 10000000
A6: Custódia (KMS ou HSM) | B6: KMS
A7: Câmbio USD/BRL (informativo) | B7: 5.5
A9: Estimativa por cenário | C9: Piloto técnico | E9: Enxuto (CVM 88) | G9: Completo (FIDC-NP)
C10: Mín | D10: Máx | E10: Mín | F10: Máx | G10: Mín | H10: Máx
A11: Setup (uma vez) | C11: =SUMPRODUCT(('Linhas de custo'!$B$2:$B$20="Setup")*('Linhas de custo'!$G$2:$G$20)*('Linhas de custo'!$C$2:$C$20)) -> 0 | D11: =SUMPRODUCT(('Linhas de custo'!$B$2:$B$20="Setup")*('Linhas de custo'!$G$2:$G$20)*('Linhas de custo'!$D$2:$D$20)) -> 0 | E11: =SUMPRODUCT(('Linhas de custo'!$B$2:$B$20="Setup")*('Linhas de custo'!$H$2:$H$20)*('Linhas de custo'!$C$2:$C$20)) -> 285000 | F11: =SUMPRODUCT(('Linhas de custo'!$B$2:$B$20="Setup")*('Linhas de custo'!$H$2:$H$20)*('Linhas de custo'!$D$2:$D$20)) -> 1125000 | G11: =SUMPRODUCT(('Linhas de custo'!$B$2:$B$20="Setup")*('Linhas de custo'!$I$2:$I$20)*('Linhas de custo'!$C$2:$C$20)) -> 385000 | H11: =SUMPRODUCT(('Linhas de custo'!$B$2:$B$20="Setup")*('Linhas de custo'!$I$2:$I$20)*('Linhas de custo'!$D$2:$D$20)) -> 1425000
A12: Taxa CVM da oferta | C12: =0 -> 0 | D12: =0 -> 0 | E12: =MAX(809,0.0003*$B$5) -> 3000 | F12: =MAX(809,0.0003*$B$5) -> 3000 | G12: =MAX(809,0.0064*$B$5) -> 64000 | H12: =MAX(809,0.0064*$B$5) -> 64000
A13: Recorrente — por mês (exceto custódia) | C13: =SUMPRODUCT(('Linhas de custo'!$B$2:$B$20="Recorrente-mês")*('Linhas de custo'!$G$2:$G$20)*('Linhas de custo'!$C$2:$C$20)) -> 2000 | D13: =SUMPRODUCT(('Linhas de custo'!$B$2:$B$20="Recorrente-mês")*('Linhas de custo'!$G$2:$G$20)*('Linhas de custo'!$D$2:$D$20)) -> 7000 | E13: =SUMPRODUCT(('Linhas de custo'!$B$2:$B$20="Recorrente-mês")*('Linhas de custo'!$H$2:$H$20)*('Linhas de custo'!$C$2:$C$20)) -> 9500 | F13: =SUMPRODUCT(('Linhas de custo'!$B$2:$B$20="Recorrente-mês")*('Linhas de custo'!$H$2:$H$20)*('Linhas de custo'!$D$2:$D$20)) -> 34500 | G13: =SUMPRODUCT(('Linhas de custo'!$B$2:$B$20="Recorrente-mês")*('Linhas de custo'!$I$2:$I$20)*('Linhas de custo'!$C$2:$C$20)) -> 9500 | H13: =SUMPRODUCT(('Linhas de custo'!$B$2:$B$20="Recorrente-mês")*('Linhas de custo'!$I$2:$I$20)*('Linhas de custo'!$D$2:$D$20)) -> 34500
A14: Custódia — por mês (toggle KMS/HSM) | C14: =0 -> 0 | D14: =0 -> 0 | E14: =IF($B$6="HSM",'Linhas de custo'!$C$20,'Linhas de custo'!$C$19) -> 50 | F14: =IF($B$6="HSM",'Linhas de custo'!$D$20,'Linhas de custo'!$D$19) -> 300 | G14: =IF($B$6="HSM",'Linhas de custo'!$C$20,'Linhas de custo'!$C$19) -> 50 | H14: =IF($B$6="HSM",'Linhas de custo'!$D$20,'Linhas de custo'!$D$19) -> 300
A15: Recorrente — por ano | C15: =SUMPRODUCT(('Linhas de custo'!$B$2:$B$20="Recorrente-ano")*('Linhas de custo'!$G$2:$G$20)*('Linhas de custo'!$C$2:$C$20)) -> 0 | D15: =SUMPRODUCT(('Linhas de custo'!$B$2:$B$20="Recorrente-ano")*('Linhas de custo'!$G$2:$G$20)*('Linhas de custo'!$D$2:$D$20)) -> 0 | E15: =SUMPRODUCT(('Linhas de custo'!$B$2:$B$20="Recorrente-ano")*('Linhas de custo'!$H$2:$H$20)*('Linhas de custo'!$C$2:$C$20)) -> 8000 | F15: =SUMPRODUCT(('Linhas de custo'!$B$2:$B$20="Recorrente-ano")*('Linhas de custo'!$H$2:$H$20)*('Linhas de custo'!$D$2:$D$20)) -> 50000 | G15: =SUMPRODUCT(('Linhas de custo'!$B$2:$B$20="Recorrente-ano")*('Linhas de custo'!$I$2:$I$20)*('Linhas de custo'!$C$2:$C$20)) -> 58000 | H15: =SUMPRODUCT(('Linhas de custo'!$B$2:$B$20="Recorrente-ano")*('Linhas de custo'!$I$2:$I$20)*('Linhas de custo'!$D$2:$D$20)) -> 200000
A16: Taxa de administração FIDC — por ano | C16: =0 -> 0 | D16: =0 -> 0 | E16: =0 -> 0 | F16: =0 -> 0 | G16: =MAX(96000,0.008*$B$5) -> 96000 | H16: =MAX(240000,0.02*$B$5) -> 240000
A17: Custo por processo (unitário) | C17: =SUMPRODUCT(('Linhas de custo'!$B$2:$B$20="Por-processo")*('Linhas de custo'!$G$2:$G$20)*('Linhas de custo'!$C$2:$C$20)) -> 0 | D17: =SUMPRODUCT(('Linhas de custo'!$B$2:$B$20="Por-processo")*('Linhas de custo'!$G$2:$G$20)*('Linhas de custo'!$D$2:$D$20)) -> 0 | E17: =SUMPRODUCT(('Linhas de custo'!$B$2:$B$20="Por-processo")*('Linhas de custo'!$H$2:$H$20)*('Linhas de custo'!$C$2:$C$20)) -> 4272 | F17: =SUMPRODUCT(('Linhas de custo'!$B$2:$B$20="Por-processo")*('Linhas de custo'!$H$2:$H$20)*('Linhas de custo'!$D$2:$D$20)) -> 27358 | G17: =SUMPRODUCT(('Linhas de custo'!$B$2:$B$20="Por-processo")*('Linhas de custo'!$I$2:$I$20)*('Linhas de custo'!$C$2:$C$20)) -> 4272 | H17: =SUMPRODUCT(('Linhas de custo'!$B$2:$B$20="Por-processo")*('Linhas de custo'!$I$2:$I$20)*('Linhas de custo'!$D$2:$D$20)) -> 27358
A18: Variável total (× N processos) | C18: =C17*$B$4 -> 0 | D18: =D17*$B$4 -> 0 | E18: =E17*$B$4 -> 59808 | F18: =F17*$B$4 -> 383012 | G18: =G17*$B$4 -> 59808 | H18: =H17*$B$4 -> 383012
A20: TOTAL ANO 1 | C20: =C11+C12+C18+(C13+C14)*12+C15+C16 -> 24000 | D20: =D11+D12+D18+(D13+D14)*12+D15+D16 -> 84000 | E20: =E11+E12+E18+(E13+E14)*12+E15+E16 -> 470408 | F20: =F11+F12+F18+(F13+F14)*12+F15+F16 -> 1978612 | G20: =G11+G12+G18+(G13+G14)*12+G15+G16 -> 777408 | H20: =H11+H12+H18+(H13+H14)*12+H15+H16 -> 2729612
A21: Recorrente — por mês (total) | C21: =C13+C14 -> 2000 | D21: =D13+D14 -> 7000 | E21: =E13+E14 -> 9550 | F21: =F13+F14 -> 34800 | G21: =G13+G14 -> 9550 | H21: =H13+H14 -> 34800
A22: Recorrente — por ano (total) | C22: =(C13+C14)*12+C15+C16 -> 24000 | D22: =(D13+D14)*12+D15+D16 -> 84000 | E22: =(E13+E14)*12+E15+E16 -> 122600 | F22: =(F13+F14)*12+F15+F16 -> 467600 | G22: =(G13+G14)*12+G15+G16 -> 268600 | H22: =(H13+H14)*12+H15+H16 -> 857600
A24: Como usar:
A25: • Edite N (nº de processos), Funding alvo e Custódia (KMS/HSM) nas células amarelas — os 3 cenários recalculam.
A26: • Piloto técnico = operação on-chain de teste, gate FECHADO, sem valor real (sem custo regulatório).
A27: • Enxuto = trilho crowdfunding CVM 88 (funding ≤ ~R$ 15 mi). Completo = FIDC-NP (escala maior).
A28: • Cada linha vem da aba 'Linhas de custo' (com fonte). Faixas = estimativa a validar por cotação/RFP.
A29: • TOTAL ANO 1 = Setup + Taxa CVM + Variável(×N) + (Recorrente mês + custódia)×12 + Recorrente ano + Adm. FIDC.
A30: • Se o enquadramento cair em VASP/BCB, some capital mínimo R$ 10,8–37,2 mi (provavelmente NÃO se aplica — ver doc 12).

Sheet Cotações recebidas
A1: RFP | B1: Item (linha de custo) | C1: Célula (Linhas de custo) | D1: Unidade | E1: Faixa atual mín | F1: Faixa atual máx | G1: Fornecedor | H1: Cotado mín | I1: Cotado máx | J1: Validade | K1: Data | L1: Observação
A2: RFP-04 | B2: Auditoria de smart contract ERC-3643 | C2: C5/D5 | D2: uma vez | E2: 55000 | F2: 275000 | G2: (EXEMPLO — apague) Fornecedor X | H2: 90000 | I2: 90000 | J2: 30 dias | K2: 2026-08-01 | L2: escopo 3 contratos, reauditoria inclusa
A3: RFP-01 | B3: Parecer jurídico de enquadramento (is_security) | C3: C2/D2 | D3: uma vez | E3: 30000 | F3: 150000
A4: RFP-01 | B4: Estruturação regulatória da oferta/veículo | C4: C3/D3 | D4: uma vez | E4: 150000 | F4: 500000
A5: RFP-01 | B5: Parecer de certeza/exigibilidade (por caso) | C5: C15/D15 | D5: por processo | E5: 2000 | F5: 10000
A6: RFP-02 | B6: Estruturação inicial de FIDC | C6: C4/D4 | D6: uma vez | E6: 100000 | F6: 300000
A7: RFP-02 | B7: Auditoria anual do FIDC | C7: C12/D12 | D7: por ano | E7: 50000 | F7: 150000
A8: RFP-02 | B8: Taxa de administração FIDC | C8: — | D8: % a.a. do PL (piso R$/mês)
A9: RFP-03 | B9: Programa PLD-FT/COAF (setup) | C9: C7/D7 | D9: uma vez | E9: 30000 | F9: 120000
A10: RFP-03 | B10: Compliance PLD-FT + KYC (mensalidade) | C10: C11/D11 | D10: por mês | E10: 2000 | F10: 13000
A11: RFP-03 | B11: KYC do titular/investidor (por verificação) | C11: C17/D17 | D11: por verificação | E11: 2 | F11: 8
A12: RFP-04 | B12: Auditoria de smart contract ERC-3643 | C12: C5/D5 | D12: uma vez | E12: 55000 | F12: 275000
A13: RFP-05 | B13: Seguro E&O + Cyber + D&O | C13: C13/D13 | D13: por ano | E13: 8000 | F13: 50000
A14: RFP-06 | B14: Certificado ICP-Brasil (por titular/ano) | C14: C18/D18 | D14: por titular/ano | E14: 120 | F14: 350
A15: RFP-06 | B15: Carimbo de tempo ICP-Brasil (RFC 3161) | C15: — | D15: pacote por volume
A16: RFP-07 | B16: Custódia de chaves — KMS | C16: C19/D19 | D16: por mês | E16: 50 | F16: 300
A17: RFP-07 | B17: Custódia de chaves — HSM dedicado | C17: C20/D20 | D17: por mês | E17: 6500 | F17: 13000
A18: RFP-08 | B18: Programa LGPD (setup) | C18: C6/D6 | D18: uma vez | E18: 20000 | F18: 80000
A19: RFP-08 | B19: DPO as a service | C19: C10/D10 | D19: por mês | E19: 2500 | F19: 6500
A21: Legenda:
A22: • Colunas AMARELAS (Fornecedor…Observação) são para preencher quando a proposta chegar. A linha de exemplo (cinza) deve ser apagada.
A23: • 'Célula' aponta a célula da aba 'Linhas de custo' a atualizar (mín em C, máx em D). Atualize lá para o total recalcular.
A24: • Itens sem célula ('—'): Taxa de adm. FIDC é % do PL (calculada na aba Cenários); Carimbo RFC 3161 não tem linha fixa (custo por volume).
A25: • Este pacote de RFPs está em docs/evolution/rfp/ (um arquivo .md por RFP + README).
